-- phpMyAdmin SQL Dump
-- version 4.9.0.1
-- https://www.phpmyadmin.net/
--
-- Host: 127.0.0.1
-- Generation Time: Sep 01, 2020 at 10:57 AM
-- Server version: 10.3.15-MariaDB
-- PHP Version: 7.3.6

SET SQL_MODE = "NO_AUTO_VALUE_ON_ZERO";
SET AUTOCOMMIT = 0;
START TRANSACTION;
SET time_zone = "+00:00";


/*!40101 SET @OLD_CHARACTER_SET_CLIENT=@@CHARACTER_SET_CLIENT */;
/*!40101 SET @OLD_CHARACTER_SET_RESULTS=@@CHARACTER_SET_RESULTS */;
/*!40101 SET @OLD_COLLATION_CONNECTION=@@COLLATION_CONNECTION */;
/*!40101 SET NAMES utf8mb4 */;

--
-- Database: `carshowroom`
--

-- --------------------------------------------------------

--
-- Table structure for table `car`
--

CREATE TABLE `car` (
  `id` int(10) NOT NULL,
  `name` varchar(20) NOT NULL,
  `make` varchar(20) NOT NULL,
  `model` varchar(20) NOT NULL,
  `year` int(4) NOT NULL,
  `seat` int(2) NOT NULL,
  `price` int(10) NOT NULL,
  `color` varchar(20) NOT NULL,
  `status` tinyint(1) NOT NULL DEFAULT 1
) ENGINE=InnoDB DEFAULT CHARSET=utf16le;

--
-- Dumping data for table `car`
--

INSERT INTO `car` (`id`, `name`, `make`, `model`, `year`, `seat`, `price`, `color`, `status`) VALUES
(1, 'Yaris', 'Toyota', '1.5L Base', 2016, 4, 2995, 'red', 0),
(2, 'TUCSON', 'Hyundai', '2.0L Mid', 2014, 4, 3790, 'gray', 1),
(3, 'Sentra ', 'Nissan', '1.8L', 2013, 4, 2395, 'black', 1),
(4, 'GS8', 'GAC', '2.0L Full Option', 2018, 6, 6695, 'white', 0),
(5, 'SRX ', 'Cadillac', 'V6 Luxury', 2015, 5, 5795, 'light gold', 1),
(17, 'mazda 6', 'Mazda', '1.5L', 2006, 4, 2800, 'grey', 1),
(19, 'HIACE', 'Toyota', ' 2.7L Cargo', 2014, 15, 3200, 'white', 1),
(20, 'Corolla', 'Toyota', 'S', 2010, 4, 2700, 'black', 1),
(21, 'Silverado', 'Chevrolet', '1500 Work Truck', 2009, 2, 7000, 'black', 1),
(22, 'Elantra', 'Hyundai', 'Touring GLS ', 2012, 4, 4300, 'black', 1),
(23, 'Prius', 'Toyota', 'Three ', 2010, 4, 3800, 'Blue', 1),
(24, 'Jetta', 'Volkswagen', 'SE ', 2014, 4, 4200, 'grey', 1),
(25, 'Sentra', 'Nissan', ' ', 2012, 4, 2500, 'white', 1),
(26, 'Fusion', 'Ford', 'SE', 2015, 4, 5200, 'white', 1),
(27, ' Grand Caravan', 'Dodge', 'SE', 2013, 7, 7399, 'white', 1),
(28, 'Mustang Shelby', 'Ford', 'GT500', 2010, 2, 8250, 'black', 1);

-- --------------------------------------------------------

--
-- Table structure for table `customer`
--

CREATE TABLE `customer` (
  `id` int(20) NOT NULL,
  `email` varchar(20) NOT NULL,
  `first` varchar(20) NOT NULL,
  `last` varchar(20) NOT NULL,
  `password` varchar(40) NOT NULL,
  `tel` int(8) NOT NULL
) ENGINE=InnoDB DEFAULT CHARSET=utf16le;

--
-- Dumping data for table `customer`
--

INSERT INTO `customer` (`id`, `email`, `first`, `last`, `password`, `tel`) VALUES
(1, 'Mubashir@gmail.com', 'Mubashir', 'Hussain', 'afdd0b4ad2ec172c586e2150770fbf9e', 37812651),
(2, 'munazza@gmail.com', 'Munazza', 'Majid', 'afdd0b4ad2ec172c586e2150770fbf9e', 93679279),
(3, 'admin678@gmail.com', 'admin', 'admin', '6ba70bb28a5a0d671ca8dd4bb488be83', 2147483647);

-- --------------------------------------------------------

--
-- Table structure for table `sales`
--

CREATE TABLE `sales` (
  `id` int(11) NOT NULL,
  `car` int(20) NOT NULL,
  `customer` int(20) NOT NULL,
  `date` date NOT NULL,
  `price` int(10) NOT NULL
) ENGINE=InnoDB DEFAULT CHARSET=utf16le;

--
-- Dumping data for table `sales`
--

INSERT INTO `sales` (`id`, `car`, `customer`, `date`, `price`) VALUES
(6, 1, 1, '2019-12-22', 3145),
(7, 4, 1, '2019-01-22', 7030);

-- --------------------------------------------------------

--
-- Table structure for table `staff`
--

CREATE TABLE `staff` (
  `id` int(11) NOT NULL,
  `username` varchar(20) NOT NULL,
  `first` varchar(20) NOT NULL,
  `last` varchar(20) NOT NULL,
  `tel` int(10) NOT NULL,
  `password` varchar(40) NOT NULL,
  `type` char(1) NOT NULL
) ENGINE=InnoDB DEFAULT CHARSET=utf16le;

--
-- Dumping data for table `staff`
--

INSERT INTO `staff` (`id`, `username`, `first`, `last`, `tel`, `password`, `type`) VALUES
(1, 'admin', 'Mubashir', 'Hussain', 37186899, 'afdd0b4ad2ec172c586e2150770fbf9e', '1'),
(3, 'Mubashir12', 'Mubashir', 'hussain', 33193561, 'afdd0b4ad2ec172c586e2150770fbf9e', '0');

-- --------------------------------------------------------

--
-- Table structure for table `testdrive`
--

CREATE TABLE `testdrive` (
  `id` int(20) NOT NULL,
  `customer` int(20) NOT NULL,
  `car` int(20) NOT NULL,
  `date` date NOT NULL,
  `time` int(2) NOT NULL
) ENGINE=InnoDB DEFAULT CHARSET=utf16le;

--
-- Dumping data for table `testdrive`
--

INSERT INTO `testdrive` (`id`, `customer`, `car`, `date`, `time`) VALUES
(9, 1, 1, '2019-10-23', 5),
(14, 1, 2, '2019-02-22', 1),
(15, 1, 2, '2019-06-22', 3),
(3, 1, 2, '2019-11-16', 3),
(1, 1, 2, '2019-12-16', 2),
(5, 1, 2, '2019-12-17', 4),
(10, 1, 2, '2019-12-18', 2),
(6, 1, 2, '2019-12-19', 9),
(11, 1, 2, '2019-12-20', 4),
(16, 1, 2, '2019-12-22', 5),
(7, 1, 2, '2019-12-29', 20),
(8, 1, 3, '2018-03-29', 5),
(13, 1, 4, '2019-02-19', 1),
(12, 1, 4, '2019-10-28', 5),
(17, 2, 3, '2020-07-29', 8);

--
-- Indexes for dumped tables
--

--
-- Indexes for table `car`
--
ALTER TABLE `car`
  ADD PRIMARY KEY (`id`);

--
-- Indexes for table `customer`
--
ALTER TABLE `customer`
  ADD PRIMARY KEY (`id`);

--
-- Indexes for table `sales`
--
ALTER TABLE `sales`
  ADD PRIMARY KEY (`id`),
  ADD UNIQUE KEY `car` (`car`),
  ADD KEY `customer_S_F` (`customer`);

--
-- Indexes for table `staff`
--
ALTER TABLE `staff`
  ADD PRIMARY KEY (`id`);

--
-- Indexes for table `testdrive`
--
ALTER TABLE `testdrive`
  ADD PRIMARY KEY (`id`),
  ADD UNIQUE KEY `customer` (`customer`,`car`,`date`,`time`),
  ADD KEY `carF` (`car`);

--
-- AUTO_INCREMENT for dumped tables
--

--
-- AUTO_INCREMENT for table `car`
--
ALTER TABLE `car`
  MODIFY `id` int(10) NOT NULL AUTO_INCREMENT, AUTO_INCREMENT=29;

--
-- AUTO_INCREMENT for table `customer`
--
ALTER TABLE `customer`
  MODIFY `id` int(20) NOT NULL AUTO_INCREMENT, AUTO_INCREMENT=4;

--
-- AUTO_INCREMENT for table `sales`
--
ALTER TABLE `sales`
  MODIFY `id` int(11) NOT NULL AUTO_INCREMENT, AUTO_INCREMENT=8;

--
-- AUTO_INCREMENT for table `staff`
--
ALTER TABLE `staff`
  MODIFY `id` int(11) NOT NULL AUTO_INCREMENT, AUTO_INCREMENT=4;

--
-- AUTO_INCREMENT for table `testdrive`
--
ALTER TABLE `testdrive`
  MODIFY `id` int(20) NOT NULL AUTO_INCREMENT, AUTO_INCREMENT=18;

--
-- Constraints for dumped tables
--

--
-- Constraints for table `sales`
--
ALTER TABLE `sales`
  ADD CONSTRAINT `car_S_F` FOREIGN KEY (`car`) REFERENCES `car` (`id`),
  ADD CONSTRAINT `customer_S_F` FOREIGN KEY (`customer`) REFERENCES `customer` (`id`);

--
-- Constraints for table `testdrive`
--
ALTER TABLE `testdrive`
  ADD CONSTRAINT `carF` FOREIGN KEY (`car`) REFERENCES `car` (`id`),
  ADD CONSTRAINT `customerF` FOREIGN KEY (`customer`) REFERENCES `customer` (`id`);
COMMIT;

/*!40101 SET CHARACTER_SET_CLIENT=@OLD_CHARACTER_SET_CLIENT */;
/*!40101 SET CHARACTER_SET_RESULTS=@OLD_CHARACTER_SET_RESULTS */;
/*!40101 SET COLLATION_CONNECTION=@OLD_COLLATION_CONNECTION */;
